aX,aY,aZ,gX,gY,gZ
-0.0,-1.01,0.03,-2.99,14.47,0.73
0.19,-1.16,0.75,-9.34,-12.27,23.19
0.01,-1.04,0.04,-53.53,-47.18,90.64
0.01,-1.11,0.08,-19.17,-5.43,25.39
0.01,-1.12,0.09,-9.34,11.96,3.66
0.02,-1.13,0.11,-8.79,15.14,0.73
0.02,-1.15,0.13,-10.13,14.71,1.16
0.01,-1.15,0.13,-11.41,13.49,1.71
0.01,-1.15,0.15,-12.63,11.29,2.38
0.01,-1.14,0.16,-13.18,10.5,2.93
0.0,-1.13,0.17,-13.12,9.58,1.89
0.01,-1.11,0.17,-11.96,8.91,-0.37
0.01,-1.11,0.17,-10.8,7.93,-2.2
0.01,-1.11,0.18,-9.4,8.12,-3.54
0.01,-1.1,0.18,-8.3,7.75,-5.55
0.01,-1.09,0.18,-7.14,8.12,-7.63
0.02,-1.08,0.19,-5.62,9.22,-9.4
0.03,-1.08,0.19,-4.03,9.64,-11.23
0.05,-1.08,0.2,-2.69,10.31,-12.21
0.06,-1.07,0.2,-1.89,11.54,-12.63
0.08,-1.06,0.21,-0.98,12.08,-12.82
0.13,-1.07,0.23,0.12,11.54,-13.0
0.15,-1.08,0.24,1.22,10.25,-13.73
0.13,-1.1,0.23,2.26,7.26,-15.14
0.1,-1.11,0.22,2.99,2.99,-17.27
0.07,-1.12,0.2,3.48,0.12,-19.47
0.05,-1.11,0.18,3.85,-1.28,-21.85
0.02,-1.12,0.17,4.15,-1.53,-23.56
0.0,-1.1,0.16,3.54,-1.22,-24.11
-0.01,-1.09,0.15,2.56,-1.28,-24.11
-0.03,-1.07,0.15,1.28,-1.1,-22.89
-0.03,-1.04,0.16,0.31,-0.67,-21.0
-0.03,-1.02,0.16,-0.49,0.31,-19.1
0.02,-1.0,0.18,-0.43,1.65,-17.76
0.1,-1.0,0.21,0.0,2.32,-17.15
0.15,-1.01,0.21,0.31,1.4,-17.09
0.15,-1.02,0.22,-0.06,-2.08,-16.91
0.13,-1.02,0.21,0.0,-6.96,-17.09
0.09,-1.02,0.19,-0.49,-12.45,-18.25
0.06,-1.0,0.17,-1.34,-16.11,-19.23
0.05,-0.98,0.17,-1.65,-17.4,-19.47
0.03,-0.97,0.17,-2.01,-17.33,-18.98
0.01,-0.95,0.17,-2.01,-17.03,-18.19
-0.01,-0.94,0.17,-1.65,-17.27,-16.48
-0.02,-0.93,0.16,-1.59,-18.74,-14.53
-0.02,-0.92,0.16,-1.71,-19.47,-12.27
0.04,-0.91,0.17,-1.59,-19.35,-10.25
0.09,-0.91,0.19,-0.98,-19.1,-9.34
0.11,-0.91,0.19,-0.43,-20.2,-9.09
0.11,-0.91,0.19,-0.06,-23.5,-9.46
0.09,-0.91,0.18,0.31,-27.22,-10.38
0.08,-0.9,0.18,1.1,-29.79,-11.05
0.07,-0.89,0.18,2.32,-30.09,-12.02
0.07,-0.89,0.18,3.66,-29.48,-11.96
0.08,-0.89,0.18,4.76,-29.48,-11.78
0.07,-0.89,0.17,5.92,-30.58,-11.05
0.09,-0.9,0.17,7.26,-31.68,-10.74
0.08,-0.9,0.16,8.91,-33.39,-11.47
0.05,-0.91,0.14,10.44,-35.58,-12.7
0.03,-0.92,0.12,11.66,-37.48,-13.37
0.02,-0.93,0.1,12.57,-39.12,-14.1
0.01,-0.93,0.08,13.18,-39.67,-14.22
0.0,-0.94,0.07,13.67,-39.92,-13.85
0.0,-0.94,0.05,13.55,-40.41,-13.12
0.0,-0.95,0.04,13.37,-40.41,-12.39
0.01,-0.95,0.03,13.06,-40.89,-12.08
0.0,-0.96,0.02,13.12,-41.14,-12.88
-0.0,-0.97,0.01,13.06,-40.41,-13.92
-0.0,-0.97,0.0,12.88,-39.43,-14.95
0.0,-0.96,0.0,12.21,-38.94,-15.01
-0.01,-0.97,-0.0,11.17,-39.06,-14.28
-0.03,-0.97,-0.01,9.89,-40.22,-12.82
-0.05,-0.96,-0.02,8.91,-41.44,-12.02
-0.06,-0.96,-0.02,8.18,-41.69,-11.23
-0.06,-0.96,-0.02,8.0,-41.14,-10.56
-0.08,-0.97,-0.03,8.06,-40.47,-10.01
-0.08,-0.97,-0.04,7.93,-39.98,-9.95
-0.08,-0.97,-0.04,7.93,-38.82,-10.13
-0.07,-0.97,-0.05,8.24,-37.6,-10.31
-0.06,-0.97,-0.04,7.81,-36.44,-10.01
-0.05,-0.96,-0.04,7.26,-35.95,-9.28
-0.06,-0.96,-0.04,6.59,-36.56,-7.93
-0.07,-0.95,-0.04,5.98,-37.6,-6.59
-0.07,-0.94,-0.05,5.43,-38.21,-5.55
-0.06,-0.94,-0.05,5.8,-38.45,-5.07
-0.07,-0.95,-0.06,6.65,-38.33,-4.88
-0.07,-0.95,-0.06,7.51,-37.9,-5.92
-0.09,-0.96,-0.07,8.42,-37.41,-7.32
-0.1,-0.96,-0.09,8.79,-36.8,-8.12
-0.1,-0.97,-0.09,8.67,-36.32,-8.36
-0.1,-0.96,-0.09,7.93,-35.77,-8.0
-0.1,-0.95,-0.09,6.47,-35.4,-6.23
-0.1,-0.94,-0.09,5.0,-35.83,-4.15
-0.1,-0.93,-0.08,3.6,-36.68,-2.08
-0.1,-0.91,-0.07,2.32,-37.78,0.24
-0.1,-0.9,-0.07,2.14,-38.57,1.95
-0.09,-0.9,-0.07,2.93,-38.51,2.2
-0.08,-0.89,-0.07,3.85,-37.78,2.38
-0.07,-0.91,-0.07,4.58,-37.48,2.32
-0.07,-0.91,-0.07,5.62,-37.11,1.83
-0.09,-0.9,-0.08,6.53,-37.96,0.67
-0.11,-0.9,-0.09,6.84,-38.7,0.79
-0.11,-0.9,-0.09,6.53,-39.49,1.95
-0.11,-0.89,-0.09,6.29,-40.04,3.48
-0.12,-0.88,-0.09,5.92,-39.98,5.07
-0.11,-0.87,-0.08,5.8,-39.92,7.39
-0.11,-0.88,-0.08,6.23,-39.67,9.03
-0.12,-0.89,-0.09,7.63,-39.0,8.97
-0.11,-0.9,-0.11,9.4,-38.09,7.93
-0.08,-0.92,-0.12,11.17,-36.62,7.02
-0.06,-0.95,-0.12,11.96,-35.52,7.26
-0.07,-0.96,-0.14,11.96,-35.46,7.02
-0.11,-0.94,-0.16,11.29,-36.62,6.96
-0.07,-0.98,-0.14,8.91,-38.82,9.64
-0.07,-0.98,-0.16,7.45,-38.94,11.72
-0.1,-0.97,-0.17,6.16,-38.15,12.51
-0.13,-0.92,-0.16,3.17,-39.43,15.2
-0.13,-0.89,-0.13,0.12,-39.98,18.92
-0.13,-0.86,-0.1,-1.04,-40.59,22.46
-0.14,-0.84,-0.11,0.49,-40.65,23.8
-0.14,-0.83,-0.11,3.05,-39.49,24.05
-0.12,-0.88,-0.13,6.84,-36.38,23.5
-0.09,-0.92,-0.14,10.8,-33.39,21.61
-0.09,-0.97,-0.18,15.38,-28.81,17.03
-0.09,-1.0,-0.22,16.97,-26.49,13.73
-0.05,-1.04,-0.22,15.69,-25.82,12.94
-0.05,-1.04,-0.22,13.55,-24.11,12.39
-0.08,-1.03,-0.21,10.5,-23.68,12.21
-0.11,-1.0,-0.2,5.92,-24.96,15.14
-0.12,-0.95,-0.14,0.43,-27.22,21.67
-0.1,-0.9,-0.1,-3.72,-29.79,29.42
-0.11,-0.83,-0.04,-5.19,-32.41,35.89
-0.14,-0.79,-0.04,-2.2,-33.33,40.1
-0.13,-0.84,-0.06,3.72,-33.81,41.99
-0.13,-0.89,-0.11,12.15,-30.82,38.15
-0.11,-0.99,-0.16,20.87,-23.32,29.91
-0.05,-1.06,-0.21,27.1,-16.11,21.85
0.02,-1.12,-0.21,28.69,-11.66,16.54
0.04,-1.16,-0.23,28.08,-6.1,13.06
0.03,-1.2,-0.24,22.64,-7.45,12.45
-0.01,-1.17,-0.22,15.87,-10.38,13.0
-0.05,-1.1,-0.19,9.58,-13.61,15.2
-0.09,-1.03,-0.17,4.03,-18.01,20.63
-0.11,-0.99,-0.15,1.04,-21.55,27.47
-0.14,-0.97,-0.14,0.98,-23.32,32.78
-0.13,-1.0,-0.17,4.03,-20.87,34.67
-0.09,-1.03,-0.18,7.26,-15.93,32.96
-0.03,-1.07,-0.18,9.4,-10.68,29.54
0.0,-1.08,-0.2,10.68,-7.39,26.0
0.03,-1.1,-0.19,10.07,-8.24,23.44
0.01,-1.08,-0.2,9.16,-9.16,21.79
-0.01,-1.08,-0.2,8.61,-10.31,19.47
-0.03,-1.08,-0.22,8.12,-10.19,17.09
-0.03,-1.07,-0.21,7.2,-8.06,14.95
-0.04,-1.06,-0.2,6.84,-4.94,12.94
-0.02,-1.07,-0.18,5.98,-2.87,12.7
-0.01,-1.06,-0.17,4.94,-1.83,14.53
-0.03,-1.05,-0.15,4.27,-1.1,16.72
-0.03,-1.04,-0.16,3.91,-2.62,19.23
-0.01,-1.04,-0.16,2.81,-4.33,22.95
0.0,-1.04,-0.15,1.46,-5.31,26.25
0.0,-1.04,-0.17,1.53,-5.43,27.16
0.01,-1.04,-0.17,2.5,-5.25,26.31
0.02,-1.06,-0.17,3.54,-3.3,24.35
0.02,-1.06,-0.18,3.6,-1.83,22.4
0.01,-1.05,-0.17,4.03,0.0,19.35
-0.0,-1.05,-0.18,4.64,2.32,15.69
0.01,-1.05,-0.17,5.0,4.82,13.18
0.03,-1.06,-0.16,5.13,7.45,12.45
0.04,-1.06,-0.16,4.76,9.58,13.06
0.04,-1.05,-0.16,3.72,9.03,14.1
0.05,-1.08,-0.17,1.95,7.69,16.42
0.07,-1.08,-0.16,-0.31,6.35,19.17
0.09,-1.05,-0.16,-1.04,6.53,19.47
0.09,-1.06,-0.17,-2.87,4.58,20.45
0.05,-1.06,-0.18,-5.25,2.93,23.07
0.03,-1.05,-0.18,-7.08,2.38,24.11
0.03,-1.04,-0.18,-8.42,2.69,23.86
0.02,-1.01,-0.16,-9.64,4.7,24.23
0.04,-0.99,-0.14,-10.86,5.98,26.43
0.06,-1.0,-0.13,-10.38,7.26,27.16
0.06,-0.98,-0.13,-8.18,9.83,26.18
0.06,-0.98,-0.13,-7.08,9.95,25.15
0.1,-1.0,-0.15,-6.29,8.91,25.76
0.08,-1.01,-0.15,-4.64,10.13,24.29
0.08,-1.0,-0.15,-3.85,7.45,22.71
0.05,-1.0,-0.18,-4.15,6.84,23.13
0.06,-1.03,-0.15,-6.29,7.26,25.88
0.06,-1.03,-0.16,-7.26,7.26,27.04
0.08,-1.04,-0.16,-7.63,8.79,26.61
0.07,-1.04,-0.16,-8.42,11.78,26.06
0.07,-1.04,-0.16,-9.28,15.44,26.12
0.09,-1.03,-0.14,-10.07,17.21,26.67
0.1,-1.01,-0.13,-9.7,18.74,27.4
0.09,-1.0,-0.14,-9.7,19.41,27.22
0.11,-1.0,-0.14,-9.77,19.1,27.22
0.1,-1.0,-0.15,-9.4,19.9,26.37
0.11,-1.01,-0.15,-9.4,21.18,24.41
0.11,-1.01,-0.16,-10.07,22.03,22.09
0.13,-1.02,-0.17,-10.86,23.32,19.96
0.13,-1.01,-0.15,-12.33,24.96,18.86
0.12,-0.99,-0.14,-13.06,26.18,17.33
0.12,-0.97,-0.13,-13.0,27.34,17.21
0.14,-0.97,-0.11,-12.88,27.59,18.68
0.16,-0.99,-0.12,-12.08,27.22,19.9
0.15,-1.02,-0.12,-11.17,27.65,20.69
0.14,-1.03,-0.13,-10.62,28.14,19.96
0.16,-1.04,-0.13,-10.44,29.91,18.55
0.18,-1.05,-0.13,-10.99,32.9,17.58
0.2,-1.06,-0.12,-11.78,34.55,17.82
0.18,-1.06,-0.12,-12.51,34.79,18.01
0.18,-1.05,-0.12,-13.92,34.06,17.7
0.17,-1.04,-0.1,-15.75,33.63,17.94
0.16,-1.03,-0.1,-16.97,34.18,17.33
0.15,-1.0,-0.09,-17.21,34.61,17.09
0.15,-1.0,-0.07,-17.64,35.1,18.25
0.15,-0.99,-0.06,-17.52,35.28,18.49
0.16,-0.99,-0.06,-16.05,35.52,17.46
0.17,-0.99,-0.06,-14.95,36.13,16.36
0.2,-1.03,-0.05,-14.04,37.41,14.83
0.2,-1.01,-0.05,-12.94,39.18,13.49
0.23,-1.02,-0.06,-12.27,41.08,11.35
0.23,-1.04,-0.04,-12.63,40.28,9.52
0.22,-1.04,-0.05,-12.15,41.08,7.45
0.21,-1.04,-0.05,-11.84,41.2,5.74
0.21,-1.06,-0.06,-11.84,41.81,5.0
0.21,-1.05,-0.07,-11.84,42.36,5.13
0.21,-1.05,-0.06,-11.17,43.33,4.21
0.21,-1.06,-0.06,-11.41,43.7,4.46
0.19,-1.05,-0.07,-11.78,43.52,5.07
0.18,-1.04,-0.06,-12.57,43.4,5.37
0.19,-1.02,-0.04,-12.94,43.88,5.55
0.2,-1.01,-0.04,-13.43,44.31,6.29
0.2,-1.01,-0.03,-13.43,45.17,6.53
0.22,-1.01,-0.03,-12.82,46.33,5.86
0.24,-1.0,-0.02,-12.02,47.49,4.46
0.23,-1.01,-0.03,-10.93,47.79,2.69
0.22,-1.0,-0.03,-9.89,48.16,1.28
0.21,-1.0,-0.04,-8.73,49.5,0.43
0.2,-0.98,-0.04,-8.0,50.54,0.61
0.2,-0.97,-0.05,-7.26,50.96,1.4
0.2,-0.96,-0.05,-6.96,50.66,2.75
0.22,-0.97,-0.04,-6.53,50.17,4.46
0.22,-0.98,-0.04,-6.04,49.13,5.86
0.2,-1.0,-0.07,-5.13,48.95,6.1
0.21,-1.01,-0.07,-5.13,48.71,6.16
0.22,-1.02,-0.07,-4.88,49.38,5.37
0.23,-1.04,-0.07,-4.7,50.42,4.21
0.23,-1.05,-0.07,-4.46,50.9,3.3
0.23,-1.06,-0.08,-4.82,50.9,3.3
0.22,-1.07,-0.09,-5.86,50.42,3.23
0.2,-1.07,-0.1,-7.14,49.87,2.14
0.19,-1.06,-0.09,-8.73,49.74,1.83
0.19,-1.04,-0.09,-10.62,50.11,3.23
0.19,-1.03,-0.08,-12.27,50.84,4.88
0.19,-1.02,-0.08,-12.82,51.45,5.68
0.2,-1.02,-0.08,-12.63,52.61,4.82
0.22,-1.02,-0.07,-11.84,54.32,2.81
0.23,-1.03,-0.07,-10.99,56.76,0.24
0.24,-1.03,-0.07,-10.44,58.41,-1.28
0.23,-1.04,-0.07,-10.19,58.9,-2.38
0.22,-1.04,-0.06,-10.74,59.45,-2.99
0.22,-1.04,-0.05,-11.9,59.57,-3.3
0.21,-1.03,-0.05,-12.7,59.51,-3.36
0.2,-1.04,-0.05,-13.24,59.81,-2.56
0.19,-1.04,-0.05,-13.85,60.36,-1.65
0.2,-1.05,-0.05,-14.22,61.28,-1.28
0.22,-1.07,-0.04,-14.34,61.34,-1.4
0.22,-1.08,-0.04,-14.22,59.75,-2.81
0.23,-1.09,-0.04,-14.16,58.23,-5.25
0.24,-1.11,-0.04,-14.16,57.92,-7.93
0.22,-1.12,-0.03,-13.98,58.41,-10.8
0.23,-1.1,-0.03,-13.92,59.63,-13.18
0.24,-1.13,-0.01,-13.79,61.28,-14.71
0.23,-1.13,-0.0,-14.89,62.07,-14.77
0.23,-1.13,0.01,-16.05,61.04,-15.26
0.23,-1.14,0.01,-17.21,59.51,-15.69
0.21,-1.13,0.02,-18.86,57.68,-15.44
0.2,-1.13,0.02,-20.39,55.66,-15.5
0.18,-1.12,0.05,-21.36,54.57,-16.3
0.18,-1.09,0.06,-21.0,54.87,-18.37
0.21,-1.08,0.08,-20.69,55.11,-20.32
0.22,-1.08,0.1,-20.26,54.57,-21.0
0.23,-1.06,0.1,-19.23,53.89,-22.03
0.24,-1.08,0.12,-18.86,51.76,-22.46
0.25,-1.08,0.13,-18.62,49.44,-22.03
0.25,-1.06,0.13,-17.82,47.0,-22.4
0.24,-1.05,0.14,-17.64,43.82,-22.64
0.25,-1.06,0.15,-17.82,40.65,-21.18
0.23,-1.07,0.15,-17.27,38.7,-20.51
0.21,-1.08,0.15,-16.24,36.56,-21.36
0.2,-1.08,0.15,-15.99,34.42,-21.73
0.2,-1.08,0.15,-16.11,33.33,-21.55
0.19,-1.07,0.15,-16.48,31.31,-21.48
0.17,-1.07,0.15,-16.3,29.05,-20.69
0.19,-1.06,0.17,-15.81,28.2,-20.2
0.21,-1.04,0.17,-14.34,27.34,-21.42
0.22,-1.03,0.18,-13.06,24.9,-23.19
0.24,-1.02,0.2,-11.17,23.38,-24.9
0.27,-1.03,0.21,-9.34,20.51,-26.73
0.28,-1.05,0.21,-7.57,17.21,-27.89
0.26,-1.05,0.19,-5.98,14.34,-29.24
0.23,-1.06,0.19,-5.98,10.19,-29.54
0.2,-1.07,0.18,-5.74,7.2,-29.17
0.17,-1.08,0.17,-5.13,4.52,-29.48
0.15,-1.09,0.16,-4.82,2.44,-29.91
0.11,-1.08,0.15,-3.97,0.0,-30.15
0.06,-1.06,0.09,-4.15,-5.13,-30.15
0.06,-1.05,0.08,-6.1,-5.25,-27.83
0.09,-1.05,0.12,-8.18,-3.3,-23.8
0.11,-1.03,0.12,-9.46,-5.25,-21.97
0.11,-1.02,0.12,-8.42,-6.96,-23.8
0.09,-1.02,0.12,-7.2,-7.87,-26.67
0.07,-1.01,0.11,-5.74,-8.24,-28.87
0.06,-1.02,0.12,-4.94,-7.02,-29.79
0.05,-1.01,0.12,-4.15,-4.88,-29.66
0.04,-1.02,0.12,-3.78,-3.48,-28.44
0.03,-1.02,0.12,-3.72,-1.89,-26.79
0.02,-1.02,0.12,-3.48,-0.49,-24.66
0.03,-1.02,0.12,-3.54,-0.49,-22.16
0.03,-1.02,0.13,-3.36,-0.92,-20.51
0.04,-1.0,0.13,-2.5,-0.79,-20.75
0.05,-1.0,0.13,-1.53,0.31,-21.3
0.07,-1.0,0.14,-0.92,0.98,-21.79
0.08,-1.0,0.14,0.0,0.12,-22.52
0.08,-1.0,0.14,0.79,-0.79,-22.71
0.07,-1.01,0.13,1.28,-2.56,-22.89
0.06,-1.02,0.12,1.34,-5.0,-22.89
0.05,-1.03,0.12,0.98,-6.77,-22.34
0.05,-1.04,0.11,0.24,-7.93,-21.91
0.03,-1.03,0.1,-0.79,-9.52,-21.18
0.03,-1.02,0.11,-2.08,-11.17,-20.94
0.03,-1.01,0.12,-2.44,-12.27,-21.36
0.02,-1.0,0.12,-2.14,-13.0,-21.97
0.02,-0.99,0.13,-1.77,-14.04,-21.91
0.03,-0.99,0.13,-1.89,-16.6,-20.94
0.03,-0.99,0.13,-2.08,-18.86,-19.53
0.02,-0.99,0.13,-1.4,-20.14,-18.86
0.01,-0.99,0.13,-0.49,-19.96,-19.17
0.02,-0.99,0.14,0.43,-19.53,-19.35
0.02,-1.0,0.13,1.46,-19.1,-19.71
0.01,-1.01,0.13,2.14,-19.35,-19.84
-0.01,-1.02,0.12,2.5,-20.2,-20.2
-0.03,-1.02,0.11,2.87,-20.75,-21.24
-0.05,-1.01,0.11,3.17,-20.57,-22.09
-0.05,-1.01,0.1,3.66,-19.96,-22.58
-0.06,-1.0,0.1,4.15,-19.29,-22.77
-0.05,-1.0,0.1,4.15,-18.86,-22.28
-0.01,-1.0,0.11,3.97,-18.31,-20.94
0.01,-1.02,0.12,3.66,-18.37,-19.71
0.01,-1.03,0.11,3.48,-20.2,-20.2
-0.0,-1.02,0.11,3.23,-21.97,-21.18
0.0,-1.02,0.12,2.81,-22.95,-21.67
0.0,-1.01,0.13,2.87,-23.56,-22.22
-0.02,-1.01,0.12,3.91,-24.23,-23.5
-0.04,-1.02,0.11,4.52,-24.84,-24.78
-0.05,-1.03,0.1,5.31,-24.96,-25.63
-0.06,-1.04,0.08,5.55,-24.72,-26.0
-0.06,-1.04,0.08,4.82,-24.96,-25.57
-0.06,-1.02,0.08,3.72,-25.7,-25.09
-0.06,-1.01,0.09,2.32,-26.79,-24.23
-0.07,-1.0,0.08,0.85,-28.32,-23.07
-0.08,-0.99,0.08,-0.37,-30.09,-21.67
-0.08,-0.97,0.09,-1.46,-31.98,-20.2
-0.09,-0.96,0.08,-2.14,-33.14,-19.47
-0.11,-0.95,0.08,-1.83,-33.33,-19.47
-0.11,-0.94,0.08,-1.16,-33.08,-19.96
-0.12,-0.93,0.08,0.24,-32.59,-21.0
-0.12,-0.92,0.09,2.2,-31.56,-22.52
-0.1,-0.94,0.09,4.33,-30.33,-24.05
-0.1,-0.95,0.08,5.55,-30.09,-25.02
-0.11,-0.96,0.06,5.62,-31.01,-24.78
-0.12,-0.95,0.05,4.88,-32.53,-23.56
-0.12,-0.95,0.05,3.91,-33.87,-22.52
-0.12,-0.94,0.05,2.56,-34.79,-20.94
-0.13,-0.94,0.04,1.4,-35.58,-19.78
-0.13,-0.93,0.05,0.67,-36.25,-19.17
-0.12,-0.92,0.05,0.24,-36.99,-18.55
-0.12,-0.92,0.05,0.06,-37.66,-17.76
-0.13,-0.91,0.05,0.24,-38.33,-17.4
-0.12,-0.91,0.05,0.49,-38.94,-16.91
-0.11,-0.91,0.05,0.98,-39.43,-16.91
-0.11,-0.92,0.05,1.77,-39.61,-17.4
-0.11,-0.93,0.04,2.2,-40.65,-17.94
-0.13,-0.93,0.02,2.5,-42.05,-18.25
-0.14,-0.94,0.01,2.38,-43.4,-18.55
-0.14,-0.94,0.01,1.71,-44.01,-18.43
-0.14,-0.94,0.0,0.18,-44.62,-17.09
-0.15,-0.94,-0.0,-1.04,-45.29,-15.56
-0.16,-0.94,-0.01,-2.14,-46.69,-15.08
-0.17,-0.93,-0.01,-2.81,-47.3,-14.4
-0.16,-0.92,-0.01,-3.48,-47.24,-13.55
-0.17,-0.92,-0.01,-4.21,-47.36,-12.7
-0.18,-0.91,-0.01,-5.0,-47.85,-11.9
-0.18,-0.91,-0.01,-5.49,-48.52,-11.29
-0.19,-0.9,-0.02,-6.04,-49.56,-10.8
-0.19,-0.89,-0.02,-6.41,-50.23,-9.64
-0.21,-0.89,-0.03,-6.77,-50.96,-8.42
-0.22,-0.89,-0.05,-7.14,-52.43,-7.75
-0.23,-0.88,-0.06,-7.32,-53.1,-7.14
-0.24,-0.9,-0.08,-7.75,-52.67,-6.77
-0.24,-0.9,-0.09,-8.12,-51.88,-7.81
-0.24,-0.9,-0.1,-8.54,-50.42,-8.24
-0.25,-0.9,-0.1,-9.7,-49.26,-7.39
-0.25,-0.9,-0.09,-11.54,-48.89,-5.49
-0.25,-0.9,-0.09,-13.12,-49.38,-3.42
-0.25,-0.88,-0.09,-15.01,-50.29,-0.98
-0.25,-0.88,-0.08,-16.66,-51.64,2.38
-0.26,-0.88,-0.09,-16.91,-52.73,5.07
-0.26,-0.87,-0.1,-16.54,-53.22,6.59
-0.24,-0.88,-0.1,-14.95,-52.37,6.96
-0.23,-0.89,-0.1,-13.0,-50.6,5.43
-0.21,-0.9,-0.1,-10.8,-48.58,2.62
-0.2,-0.91,-0.1,-8.85,-47.18,-0.61
-0.21,-0.9,-0.1,-7.26,-45.65,-2.38
-0.21,-0.9,-0.1,-6.71,-45.1,-3.3
-0.23,-0.89,-0.1,-6.9,-45.72,-3.05
-0.25,-0.89,-0.11,-6.65,-46.69,-2.2
-0.27,-0.88,-0.12,-6.47,-46.88,-1.22
-0.27,-0.88,-0.12,-5.98,-46.33,-0.24
-0.27,-0.89,-0.12,-5.31,-45.1,1.04
-0.27,-0.9,-0.13,-4.82,-43.52,1.71
-0.27,-0.91,-0.13,-4.52,-42.48,2.44
-0.27,-0.91,-0.13,-4.27,-41.63,3.36
-0.26,-0.91,-0.12,-4.58,-41.02,4.46
-0.26,-0.91,-0.13,-4.94,-40.59,5.8
-0.26,-0.9,-0.13,-5.37,-40.77,7.51
-0.25,-0.89,-0.11,-6.1,-40.77,8.97
-0.24,-0.88,-0.1,-6.23,-40.16,9.7
-0.23,-0.86,-0.09,-5.92,-39.79,10.38
-0.24,-0.85,-0.09,-4.39,-40.1,10.38
-0.24,-0.85,-0.09,-1.83,-39.73,9.46
-0.24,-0.88,-0.11,1.53,-38.82,8.61
-0.24,-0.91,-0.13,3.78,-37.35,7.81
-0.22,-0.94,-0.14,4.64,-35.89,7.39
-0.2,-0.95,-0.13,4.15,-35.16,7.81
-0.2,-0.96,-0.12,2.38,-35.77,9.77
-0.23,-0.94,-0.12,-0.37,-37.35,12.15
-0.24,-0.9,-0.11,-2.44,-39.43,14.89
-0.24,-0.88,-0.09,-3.3,-40.28,17.33
-0.24,-0.86,-0.08,-2.81,-40.53,19.04
-0.26,-0.85,-0.09,-0.06,-40.71,19.47
-0.26,-0.86,-0.11,4.58,-39.61,17.94
-0.24,-0.9,-0.14,9.28,-36.99,14.77
-0.22,-0.94,-0.17,13.24,-33.57,11.17
-0.21,-0.99,-0.2,15.26,-30.94,8.54
-0.2,-1.02,-0.21,14.34,-30.21,8.0
-0.21,-1.03,-0.22,11.9,-30.4,8.18
-0.23,-1.03,-0.21,8.67,-30.94,8.97
-0.25,-1.01,-0.2,5.37,-31.8,9.89
-0.27,-0.99,-0.18,2.44,-32.59,12.63
-0.28,-0.95,-0.17,0.37,-33.45,16.05
-0.27,-0.93,-0.16,-0.24,-33.57,19.59
-0.27,-0.93,-0.16,0.92,-33.08,21.67
-0.25,-0.95,-0.18,2.75,-31.43,21.55
-0.23,-0.98,-0.19,4.64,-28.93,20.14
-0.23,-1.0,-0.19,6.29,-26.37,17.4
-0.24,-1.03,-0.25,7.32,-26.55,14.65
-0.23,-1.06,-0.23,6.71,-20.63,14.1
-0.23,-1.06,-0.22,4.27,-19.59,14.22
-0.23,-1.04,-0.22,1.16,-22.03,14.83
-0.22,-1.02,-0.2,-2.14,-21.3,16.91
-0.22,-0.99,-0.18,-5.49,-22.03,20.2
-0.23,-0.95,-0.17,-8.12,-23.93,23.56
-0.23,-0.93,-0.16,-9.4,-24.72,26.25
-0.24,-0.88,-0.14,-9.28,-24.05,27.89
-0.24,-0.89,-0.16,-7.32,-22.16,29.3
-0.23,-0.91,-0.18,-5.13,-21.0,29.48
-0.22,-0.96,-0.18,-3.3,-17.09,28.75
-0.19,-0.99,-0.19,-2.44,-13.55,28.08
-0.17,-1.01,-0.19,-3.11,-11.66,28.26
-0.16,-1.04,-0.16,-5.8,-10.99,30.52
-0.18,-1.01,-0.16,-7.87,-11.96,32.29
-0.21,-0.98,-0.14,-9.4,-13.79,33.39
-0.23,-0.95,-0.13,-10.01,-14.59,34.0
-0.23,-0.93,-0.13,-8.91,-13.43,33.87
-0.21,-0.92,-0.13,-6.96,-11.47,33.75
-0.21,-0.93,-0.15,-4.39,-8.97,33.75
-0.18,-0.99,-0.17,-2.38,-6.35,32.65
-0.13,-1.01,-0.18,-1.83,-3.17,31.86
-0.13,-1.02,-0.19,-2.38,0.12,30.27
-0.13,-1.02,-0.17,-4.64,0.73,30.52
-0.13,-1.01,-0.16,-7.75,1.04,32.47
-0.14,-0.99,-0.14,-10.8,0.49,34.67
-0.15,-0.97,-0.12,-13.12,-0.79,36.8
-0.16,-0.94,-0.09,-13.67,-0.67,38.45
-0.16,-0.93,-0.07,-12.15,0.43,39.06
-0.17,-0.95,-0.08,-8.48,1.65,37.96
-0.16,-0.99,-0.11,-3.78,4.09,35.52
-0.11,-1.03,-0.12,-0.49,6.35,32.78
-0.06,-1.07,-0.15,1.4,9.77,30.82
-0.04,-1.07,-0.16,1.89,13.61,27.77
-0.02,-1.08,-0.16,0.31,15.08,25.45
-0.03,-1.07,-0.16,-2.56,14.89,25.02
-0.05,-1.03,-0.15,-6.84,13.79,26.31
-0.07,-0.99,-0.12,-11.72,11.17,30.94
-0.09,-0.95,-0.09,-16.91,7.87,38.33
-0.1,-0.91,-0.06,-20.39,4.94,45.72
-0.11,-0.9,-0.03,-20.02,4.7,50.48
-0.11,-0.89,-0.03,-17.4,5.49,51.76
-0.1,-0.89,-0.03,-13.31,7.14,50.6
-0.04,-0.93,-0.04,-9.22,9.83,48.95
-0.0,-0.98,-0.05,-5.19,11.84,47.36
-0.02,-1.02,-0.1,-1.71,14.16,44.13
-0.01,-1.05,-0.12,-0.73,14.47,42.11
-0.01,-1.08,-0.14,-0.49,18.13,39.92
0.02,-1.09,-0.14,-2.01,20.14,38.51
0.04,-1.09,-0.14,-4.03,23.07,37.48
0.03,-1.08,-0.11,-7.32,24.35,37.96
0.06,-1.1,-0.11,-11.23,23.13,41.63
0.05,-1.09,-0.08,-14.89,22.71,44.62
0.02,-1.05,-0.05,-17.76,18.25,46.08
0.03,-1.03,-0.04,-18.55,15.99,47.79
0.06,-1.05,-0.03,-17.03,15.99,48.46
0.08,-1.09,-0.05,-13.43,15.44,44.31
0.07,-1.1,-0.08,-9.16,16.17,37.23
0.11,-1.13,-0.09,-6.59,20.08,32.47
0.13,-1.16,-0.1,-5.86,23.5,30.33
0.13,-1.18,-0.13,-6.59,26.86,28.99
0.12,-1.17,-0.13,-9.22,29.91,28.32
0.12,-1.16,-0.12,-12.63,34.0,28.02
0.15,-1.12,-0.08,-15.87,37.96,28.08
0.15,-1.09,-0.06,-18.92,39.18,29.66
0.17,-1.06,-0.04,-21.73,37.35,31.01
0.18,-1.03,0.01,-22.46,35.83,30.58
0.17,-1.01,0.01,-21.73,32.29,29.24
0.17,-1.0,0.02,-19.53,32.59,26.67
0.18,-1.0,0.03,-16.24,34.12,23.07
0.18,-1.0,0.02,-13.18,34.12,20.39
0.2,-1.02,0.01,-10.44,34.67,18.01
0.2,-1.02,-0.01,-8.73,34.61,16.48
0.2,-1.05,-0.02,-8.3,34.73,15.81
0.17,-1.05,-0.04,-8.24,36.5,15.38
0.16,-1.04,-0.04,-8.42,39.61,14.1
0.19,-1.04,-0.02,-9.7,40.83,13.98
0.2,-1.04,-0.01,-11.17,41.14,14.65
0.21,-1.04,-0.01,-12.33,40.53,16.11
0.19,-1.03,-0.01,-12.51,39.43,16.85
0.18,-1.03,0.0,-12.21,38.15,16.54
0.16,-1.03,-0.0,-10.38,38.33,14.89
0.15,-1.03,-0.01,-8.48,39.25,13.18
0.15,-1.03,-0.01,-6.65,40.89,11.41
0.16,-1.03,-0.0,-4.58,43.64,8.79
0.16,-1.03,-0.0,-2.44,47.24,5.13
0.17,-1.03,-0.01,-0.79,49.87,3.17
0.17,-1.02,0.01,0.61,52.19,2.44
0.17,-1.02,-0.0,1.1,53.53,3.11
0.17,-1.02,0.01,0.98,53.89,4.58
0.2,-1.02,0.0,0.31,53.96,7.32
0.23,-1.02,0.01,-1.95,52.98,12.57
0.23,-1.02,0.02,-4.33,50.96,18.07
0.24,-1.04,0.02,-6.41,48.4,21.48
0.25,-1.03,0.02,-7.02,46.75,23.07
0.25,-1.04,0.02,-6.41,46.94,22.03
0.25,-1.04,0.01,-4.82,47.67,18.86
0.26,-1.06,0.0,-3.11,48.65,14.04
0.25,-1.07,-0.01,-1.83,49.44,9.52
0.22,-1.08,-0.03,0.0,50.84,5.62
0.21,-1.09,-0.04,0.61,51.94,3.17
0.2,-1.09,-0.05,0.43,52.73,2.14
0.19,-1.09,-0.06,-0.24,54.26,1.83
0.2,-1.09,-0.06,-0.85,57.43,1.83
0.23,-1.1,-0.06,-2.01,59.45,2.26
0.26,-1.1,-0.04,-4.33,59.75,4.27
0.28,-1.1,-0.02,-7.2,59.88,6.41
0.28,-1.08,-0.01,-9.58,58.59,7.63
0.26,-1.07,0.01,-11.29,56.46,7.51
0.25,-1.06,0.02,-12.02,54.93,6.1
0.24,-1.06,0.02,-11.35,54.26,3.23
0.23,-1.05,0.02,-10.01,52.37,-0.31
0.22,-1.06,0.01,-8.61,52.55,-2.87
0.22,-1.07,0.0,-6.96,54.93,-5.68
0.23,-1.08,0.0,-5.8,56.46,-8.3
0.24,-1.09,0.0,-5.98,56.46,-9.34
0.22,-1.1,-0.0,-7.51,55.48,-8.85
0.23,-1.09,-0.0,-9.22,55.66,-7.32
0.26,-1.09,0.02,-11.72,56.21,-5.13
0.28,-1.08,0.04,-13.73,55.18,-4.03
0.25,-1.07,0.04,-15.2,52.37,-4.82
0.23,-1.05,0.04,-15.56,49.44,-7.02
0.23,-1.04,0.05,-15.32,48.22,-9.22
0.23,-1.03,0.05,-14.22,48.46,-10.8
0.22,-1.03,0.05,-13.0,49.01,-12.82
0.19,-1.04,0.04,-11.17,50.11,-16.05
0.18,-1.04,0.03,-8.85,51.88,-19.35
0.17,-1.04,0.03,-7.02,52.19,-21.61
0.16,-1.05,0.02,-5.74,50.42,-22.28
0.16,-1.06,0.01,-4.94,48.65,-21.67
0.17,-1.07,0.01,-4.94,47.61,-19.9
0.19,-1.08,0.02,-5.86,46.88,-18.25
0.2,-1.09,0.02,-6.71,46.14,-18.37
0.22,-1.09,0.02,-7.57,45.29,-18.98
0.23,-1.09,0.05,-8.48,45.23,-19.71
0.22,-1.07,0.06,-8.24,45.29,-21.48
0.2,-1.08,0.05,-7.2,45.23,-24.17
0.2,-1.07,0.07,-6.47,45.1,-25.82
0.2,-1.08,0.06,-4.7,45.9,-27.77
0.18,-1.09,0.06,-3.11,46.57,-29.79
0.17,-1.1,0.05,-2.75,45.65,-29.91
0.17,-1.1,0.03,-2.69,45.53,-28.99
0.18,-1.15,0.08,-3.85,43.27,-27.89
0.17,-1.07,0.03,-3.36,37.66,-28.56
0.13,-1.09,0.01,-5.31,33.08,-28.75
0.14,-1.09,0.06,-9.28,33.94,-22.95
0.13,-1.11,0.05,-11.29,31.92,-19.71
0.1,-1.07,0.05,-11.47,28.99,-19.71
0.1,-1.02,0.06,-11.6,26.73,-20.14
0.11,-1.02,0.09,-12.02,25.82,-19.1
0.11,-1.02,0.09,-10.13,29.48,-20.02
0.1,-1.02,0.1,-8.06,29.17,-22.03
0.12,-1.0,0.11,-5.92,28.02,-23.68
0.1,-0.99,0.1,-3.72,27.83,-25.09
0.1,-1.0,0.11,-2.44,28.08,-24.23
0.09,-1.01,0.12,-1.59,27.4,-22.83
0.09,-1.04,0.13,-0.49,24.23,-21.85
0.11,-1.03,0.14,0.12,19.53,-20.51
0.15,-1.02,0.12,0.55,14.16,-19.35
0.14,-1.02,0.13,-0.18,8.67,-18.62
0.11,-1.03,0.12,-0.24,5.49,-17.76
0.09,-1.03,0.13,0.79,3.36,-18.19
0.08,-1.01,0.11,3.23,3.3,-19.17
0.06,-1.02,0.09,5.07,2.2,-19.9
0.05,-1.03,0.09,5.43,0.79,-20.14
0.04,-1.04,0.08,7.51,2.38,-20.51
0.08,-1.07,0.06,8.54,2.56,-19.17
0.11,-1.08,0.04,7.81,0.85,-17.33
0.12,-1.11,0.02,5.07,-1.4,-16.6
0.1,-1.1,0.03,1.46,-1.59,-14.89
0.07,-1.08,0.04,-1.22,-1.28,-14.65
0.05,-1.05,0.05,-2.26,0.24,-15.69
0.05,-1.04,0.08,-2.08,3.3,-16.3
0.06,-1.01,0.09,-0.06,6.47,-17.46
0.09,-1.01,0.1,1.83,7.93,-18.8
0.11,-1.02,0.12,3.42,7.81,-19.59
0.12,-1.03,0.11,4.09,5.07,-20.08
0.11,-1.03,0.1,3.42,2.14,-19.41
0.08,-1.02,0.09,3.23,0.67,-19.65
0.06,-1.01,0.09,3.85,0.24,-21.24
0.06,-1.0,0.09,4.09,-0.49,-21.55
0.06,-1.01,0.09,4.03,-1.34,-20.2
0.05,-1.02,0.08,3.97,-2.62,-19.41
0.04,-1.03,0.07,3.72,-4.33,-18.98
0.04,-1.03,0.07,2.99,-5.31,-18.07
0.05,-1.04,0.07,2.81,-5.49,-18.62
0.05,-1.04,0.08,3.48,-5.62,-19.9
0.04,-1.05,0.08,3.78,-6.35,-20.63
0.04,-1.05,0.07,3.72,-7.87,-20.81
0.03,-1.06,0.07,3.85,-9.09,-21.0
0.04,-1.08,0.07,3.17,-10.62,-20.32
0.04,-1.09,0.07,2.01,-12.21,-19.53
0.03,-1.09,0.08,0.92,-14.47,-19.53
0.01,-1.08,0.07,1.22,-15.14,-21.61
-0.01,-1.07,0.07,1.22,-16.24,-23.86
-0.01,-1.07,0.08,0.92,-16.42,-24.54
-0.01,-1.06,0.08,1.77,-15.44,-26.0
-0.02,-1.05,0.07,2.2,-15.56,-27.22
-0.02,-1.05,0.07,1.95,-15.08,-27.83
-0.02,-1.05,0.08,2.01,-13.85,-28.26
-0.02,-1.04,0.09,1.95,-13.18,-28.69
-0.02,-1.03,0.09,1.1,-13.06,-27.53
-0.03,-1.02,0.09,0.24,-13.92,-25.94
-0.05,-1.01,0.09,-0.12,-14.77,-25.21
-0.05,-1.01,0.1,0.12,-15.38,-24.78
-0.06,-1.01,0.09,0.37,-15.93,-23.93
-0.07,-1.0,0.09,0.43,-16.78,-23.32
-0.08,-1.0,0.1,1.34,-16.91,-23.99
-0.08,-1.0,0.1,2.75,-16.24,-25.45
-0.09,-0.99,0.1,3.91,-15.26,-26.73
-0.09,-0.98,0.11,5.07,-14.34,-27.83
-0.08,-0.98,0.11,6.23,-13.61,-28.14
-0.08,-0.98,0.11,6.71,-13.73,-27.89
-0.08,-0.98,0.11,6.47,-14.53,-26.49
-0.06,-0.97,0.12,5.74,-15.81,-25.02
-0.06,-0.96,0.12,5.31,-17.03,-23.74
-0.07,-0.96,0.13,5.62,-18.19,-22.71
-0.08,-0.96,0.12,6.59,-20.02,-22.71
-0.09,-0.96,0.11,8.0,-21.06,-23.99
-0.08,-0.97,0.1,9.28,-21.24,-24.6
-0.07,-0.98,0.1,10.19,-21.48,-24.66
-0.08,-0.99,0.09,11.05,-22.46,-25.27
-0.11,-1.0,0.07,11.84,-24.41,-26.73
-0.13,-1.0,0.05,12.27,-26.12,-28.2
-0.13,-0.99,0.04,11.9,-27.16,-29.3
-0.13,-0.99,0.04,11.23,-27.53,-29.36
-0.15,-0.99,0.03,10.38,-28.14,-29.11
-0.17,-0.99,0.02,9.22,-29.17,-28.75
-0.17,-0.98,0.01,8.18,-30.46,-28.14
-0.18,-0.98,0.01,6.96,-30.76,-26.86
-0.19,-0.97,0.01,5.8,-31.37,-26.12
-0.18,-0.96,0.0,4.88,-31.62,-25.27
-0.18,-0.95,0.01,4.33,-32.35,-24.35
-0.17,-0.95,0.02,3.66,-33.02,-23.68
-0.17,-0.95,0.01,3.97,-33.26,-24.29
-0.19,-0.94,0.01,3.78,-34.42,-25.15
-0.21,-0.92,0.01,3.72,-35.03,-25.45
-0.22,-0.91,0.01,3.36,-35.28,-24.6
-0.22,-0.91,0.01,3.17,-35.4,-23.44
-0.23,-0.91,0.01,3.42,-35.71,-22.28
-0.23,-0.9,0.01,3.6,-35.89,-21.42
-0.24,-0.9,0.0,3.85,-35.89,-21.12
-0.24,-0.9,-0.01,4.09,-35.83,-21.18
-0.22,-0.9,0.0,4.15,-35.71,-20.45
-0.21,-0.9,-0.0,4.03,-37.11,-19.96
-0.2,-0.9,-0.01,3.78,-38.57,-19.59
-0.21,-0.91,-0.01,3.6,-38.76,-19.84
-0.23,-0.9,-0.02,3.3,-38.51,-20.2
-0.24,-0.89,-0.02,3.11,-38.02,-20.57
-0.24,-0.88,-0.01,3.36,-38.09,-21.18
-0.24,-0.86,-0.01,3.72,-38.64,-21.24
-0.24,-0.86,-0.01,4.09,-39.79,-20.02
-0.24,-0.85,-0.02,4.82,-41.2,-18.98
-0.23,-0.86,-0.02,5.92,-41.99,-17.76
-0.24,-0.87,-0.02,7.26,-42.18,-16.6
-0.24,-0.88,-0.03,8.3,-42.66,-15.99
-0.23,-0.88,-0.04,9.34,-44.01,-16.48
-0.23,-0.89,-0.06,10.38,-45.35,-16.97
-0.26,-0.9,-0.08,10.99,-46.81,-17.09
-0.29,-0.9,-0.1,11.41,-48.03,-17.76
-0.28,-0.9,-0.12,11.17,-48.16,-18.19
-0.26,-0.91,-0.13,10.31,-47.67,-17.09
-0.26,-0.92,-0.13,9.34,-47.73,-16.42
-0.25,-0.91,-0.14,7.93,-48.28,-16.17
-0.27,-0.9,-0.15,6.35,-49.62,-15.99
-0.28,-0.89,-0.16,4.7,-50.96,-15.2
-0.28,-0.88,-0.15,3.17,-51.57,-14.65
-0.29,-0.86,-0.15,2.38,-51.7,-13.85
-0.3,-0.85,-0.15,2.99,-51.27,-13.85
-0.29,-0.85,-0.15,3.91,-51.09,-14.04
-0.29,-0.86,-0.16,5.0,-50.48,-14.1
-0.28,-0.87,-0.17,6.04,-50.35,-14.34
-0.29,-0.88,-0.18,6.65,-50.9,-14.4
-0.29,-0.9,-0.2,6.35,-51.45,-13.85
-0.29,-0.9,-0.21,5.49,-51.88,-13.18
-0.29,-0.9,-0.22,3.91,-52.12,-12.51
-0.28,-0.89,-0.22,1.95,-52.55,-11.29
-0.29,-0.88,-0.22,-0.24,-53.53,-9.4
-0.31,-0.87,-0.23,-2.2,-54.93,-7.57
-0.31,-0.86,-0.24,-3.6,-56.21,-5.19
-0.31,-0.85,-0.23,-4.39,-56.09,-3.48
-0.29,-0.84,-0.23,-4.09,-54.75,-3.23
-0.28,-0.85,-0.23,-2.56,-53.28,-3.91
-0.28,-0.86,-0.24,-0.61,-51.94,-5.68
-0.27,-0.88,-0.25,0.79,-50.9,-7.32
-0.25,-0.91,-0.26,0.73,-50.48,-7.39
-0.25,-0.93,-0.27,-1.1,-50.96,-6.04
-0.27,-0.93,-0.28,-4.03,-52.31,-4.33
-0.29,-0.92,-0.28,-7.75,-54.38,-2.87
-0.3,-0.89,-0.27,-10.99,-55.18,-1.4
-0.3,-0.87,-0.27,-12.63,-54.57,-0.49
-0.28,-0.85,-0.26,-12.94,-53.53,-0.06
-0.27,-0.85,-0.26,-12.63,-52.25,-0.24
-0.26,-0.86,-0.27,-11.72,-51.45,-0.61
-0.25,-0.87,-0.27,-11.54,-50.96,-0.55
-0.26,-0.87,-0.28,-11.9,-50.66,-0.43
-0.27,-0.87,-0.28,-12.82,-50.66,0.0
-0.27,-0.86,-0.28,-14.28,-50.66,1.16
-0.29,-0.84,-0.27,-15.87,-50.66,1.4
-0.29,-0.82,-0.26,-16.85,-49.93,1.89
-0.28,-0.8,-0.23,-17.15,-49.32,3.36
-0.29,-0.78,-0.23,-16.42,-49.5,5.31
-0.31,-0.77,-0.23,-14.28,-50.42,6.71
-0.3,-0.79,-0.24,-11.72,-50.48,8.73
-0.29,-0.82,-0.25,-9.34,-49.5,10.68
-0.28,-0.84,-0.27,-7.26,-47.79,11.47
-0.28,-0.86,-0.29,-5.8,-46.63,11.11
-0.26,-0.86,-0.3,-5.0,-45.9,10.93
-0.26,-0.87,-0.32,-5.43,-45.17,11.47
-0.25,-0.87,-0.33,-7.08,-45.41,12.7
-0.25,-0.85,-0.34,-9.7,-46.45,14.22
-0.27,-0.82,-0.34,-12.45,-47.3,16.78
-0.29,-0.81,-0.34,-14.04,-47.12,19.59
-0.28,-0.8,-0.34,-14.1,-45.29,21.0
-0.24,-0.81,-0.33,-13.24,-41.93,21.42
-0.22,-0.82,-0.32,-11.54,-37.72,21.42
-0.22,-0.83,-0.32,-9.4,-34.55,19.71
-0.22,-0.84,-0.32,-7.69,-31.98,17.82
-0.21,-0.86,-0.31,-6.35,-29.79,17.03
-0.19,-0.88,-0.32,-5.62,-28.2,17.15
-0.19,-0.9,-0.32,-5.8,-27.95,18.19
-0.2,-0.92,-0.33,-6.47,-28.44,20.2
-0.22,-0.94,-0.34,-7.69,-29.48,22.22
-0.24,-0.94,-0.34,-8.67,-30.15,24.35
-0.26,-0.92,-0.34,-9.28,-29.42,25.76
-0.26,-0.91,-0.33,-8.73,-27.53,26.79
-0.25,-0.91,-0.32,-7.14,-24.54,27.65
-0.24,-0.92,-0.32,-4.64,-21.79,27.95
-0.21,-0.94,-0.31,-2.01,-18.62,27.16
-0.2,-0.95,-0.32,0.18,-14.89,26.43
-0.18,-0.99,-0.3,0.73,-12.63,27.34
-0.17,-1.0,-0.28,2.32,-11.17,26.49
-0.18,-1.0,-0.3,4.76,-9.09,23.13
-0.18,-1.0,-0.29,6.16,-7.87,21.79
-0.2,-1.0,-0.31,8.91,-5.68,18.8
-0.2,-1.03,-0.33,10.99,-3.97,15.87
-0.19,-1.04,-0.34,12.02,-1.1,14.4
-0.2,-1.05,-0.36,12.7,2.44,12.33
-0.18,-1.09,-0.35,10.19,3.97,12.82
-0.15,-1.09,-0.35,6.9,5.37,15.08
-0.16,-1.09,-0.33,2.56,4.58,17.03
-0.16,-1.08,-0.31,-1.83,2.81,20.02
-0.12,-1.07,-0.29,-5.86,1.34,23.62
-0.1,-1.07,-0.25,-9.83,-0.67,27.77
-0.11,-1.06,-0.23,-11.96,-2.2,29.72
-0.12,-1.05,-0.23,-12.02,-3.42,29.36
-0.13,-1.04,-0.23,-11.17,-4.15,27.95
-0.14,-1.04,-0.23,-9.89,-3.91,26.31
-0.14,-1.04,-0.25,-8.06,-3.05,23.68
-0.14,-1.05,-0.27,-6.29,-1.65,20.94
-0.15,-1.05,-0.28,-5.74,0.06,18.37
-0.15,-1.07,-0.28,-6.53,1.65,16.78
-0.13,-1.07,-0.28,-8.48,3.17,16.24
-0.13,-1.07,-0.26,-10.86,4.03,16.97
-0.13,-1.06,-0.25,-13.79,3.54,18.8
-0.11,-1.05,-0.22,-17.4,2.75,21.3
-0.09,-1.03,-0.19,-20.39,1.71,24.11
-0.09,-1.03,-0.16,-22.58,-0.06,27.1
-0.11,-1.0,-0.17,-22.09,-1.34,27.1
-0.1,-0.99,-0.16,-19.78,-2.2,24.84
-0.09,-0.98,-0.17,-16.97,-1.71,22.58
-0.1,-0.99,-0.2,-13.55,-0.73,20.26
-0.11,-1.02,-0.23,-11.54,-0.24,18.25
-0.12,-1.03,-0.25,-10.19,1.34,16.24
-0.12,-1.03,-0.26,-9.83,3.42,14.65
-0.14,-1.04,-0.26,-10.44,5.86,13.73
-0.15,-1.05,-0.26,-11.96,8.12,13.18
-0.13,-1.04,-0.25,-14.1,10.01,13.73
-0.11,-1.03,-0.22,-16.85,11.84,14.95
-0.11,-1.02,-0.2,-19.59,12.33,16.97
-0.11,-1.0,-0.17,-21.42,11.35,18.98
-0.11,-0.98,-0.16,-22.71,9.83,20.39
-0.1,-0.96,-0.15,-22.71,8.79,21.18
-0.1,-0.95,-0.15,-21.3,8.54,21.24
-0.1,-0.95,-0.16,-19.53,9.16,20.87
-0.09,-0.95,-0.16,-17.4,10.5,20.02
-0.09,-0.96,-0.17,-15.08,12.57,18.07
-0.11,-0.98,-0.18,-12.57,15.2,15.2
-0.11,-0.99,-0.18,-10.13,18.37,12.57
-0.09,-1.0,-0.17,-9.03,21.85,11.29
-0.06,-1.03,-0.15,-9.09,24.54,12.33
-0.05,-1.03,-0.14,-9.28,25.27,13.92
-0.04,-1.04,-0.13,-10.01,23.8,14.95
-0.03,-1.04,-0.12,-11.35,21.67,17.03
-0.04,-1.04,-0.11,-12.15,19.59,18.74
-0.04,-1.03,-0.12,-12.63,17.4,20.02
-0.02,-1.02,-0.11,-13.31,15.75,21.0
0.0,-1.02,-0.1,-13.61,15.26,21.91
-0.01,-1.02,-0.11,-13.43,14.89,22.03
-0.02,-1.03,-0.12,-13.18,14.53,21.18
-0.04,-1.03,-0.13,-12.51,15.5,19.1
-0.04,-1.02,-0.13,-11.41,17.82,15.99
-0.04,-1.02,-0.13,-10.5,20.45,13.61
-0.05,-1.02,-0.14,-9.77,22.95,12.39
-0.05,-1.03,-0.14,-10.07,24.23,12.7
-0.05,-1.03,-0.14,-11.29,24.66,14.71
-0.03,-1.02,-0.14,-12.63,24.35,17.03
-0.0,-1.01,-0.12,-14.22,23.5,19.65
0.0,-1.01,-0.11,-15.69,22.16,22.52
0.0,-0.99,-0.09,-16.48,20.26,25.02
-0.0,-0.96,-0.06,-15.93,18.31,26.43
-0.01,-0.96,-0.07,-13.73,17.15,26.79
-0.01,-0.97,-0.04,-9.77,21.42,25.15
-0.04,-0.98,-0.07,-6.23,19.23,22.28
-0.08,-0.99,-0.09,-2.2,18.31,18.8
-0.08,-1.0,-0.1,2.01,23.86,13.98
-0.05,-1.02,-0.1,6.29,30.4,8.3
-0.02,-1.05,-0.1,8.3,35.52,5.55
-0.01,-1.08,-0.11,8.3,38.88,6.16
-0.01,-1.09,-0.11,6.04,39.06,8.97
0.01,-1.1,-0.1,2.14,36.87,14.04
0.04,-1.11,-0.09,-2.44,33.75,19.47
0.04,-1.1,-0.09,-6.65,30.58,22.64
0.04,-1.09,-0.08,-9.89,26.98,24.11
0.04,-1.07,-0.08,-11.9,24.78,24.48
0.02,-1.06,-0.08,-12.57,23.93,23.44
-0.01,-1.05,-0.1,-12.02,24.9,20.94
-0.0,-1.04,-0.1,-10.62,27.89,17.33
0.03,-1.04,-0.09,-9.34,31.37,15.01
0.04,-1.04,-0.09,-8.97,33.69,14.47
0.03,-1.04,-0.1,-9.09,33.94,14.59
0.03,-1.04,-0.09,-9.77,33.33,15.38
0.03,-1.04,-0.08,-11.17,32.96,16.66
0.03,-1.03,-0.07,-12.02,32.65,16.97
0.05,-1.02,-0.06,-12.39,32.29,17.52
0.05,-1.02,-0.05,-12.51,32.17,18.31
0.04,-1.02,-0.05,-12.02,32.47,18.31
0.04,-1.02,-0.05,-10.74,33.39,16.72
0.06,-1.02,-0.05,-9.22,35.1,14.89
0.07,-1.03,-0.04,-8.36,36.74,13.98
0.09,-1.03,-0.03,-7.69,37.78,13.49
0.09,-1.03,-0.03,-6.65,37.66,13.06
0.09,-1.04,-0.02,-6.47,36.87,13.85
0.08,-1.04,-0.01,-6.96,35.71,14.83
0.07,-1.04,-0.01,-7.32,34.42,15.32
0.08,-1.03,0.0,-7.32,33.69,15.5
0.09,-1.03,0.01,-6.65,33.94,15.69
0.11,-1.03,0.01,-5.43,33.87,15.38
0.09,-1.05,-0.0,-3.72,33.94,14.04
0.08,-1.06,-0.02,-1.83,34.79,10.99
0.08,-1.07,-0.03,-0.43,35.77,8.42
0.09,-1.08,-0.03,-0.12,36.93,7.57
0.08,-1.08,-0.04,-0.12,37.84,6.71
0.09,-1.07,-0.04,-0.61,37.84,5.98
0.1,-1.07,-0.04,-2.69,36.93,7.57
0.09,-1.07,-0.03,-6.23,34.85,10.68
0.1,-1.05,-0.02,-9.58,32.47,13.06
0.11,-1.02,0.0,-12.21,30.21,14.89
0.11,-1.0,0.02,-13.85,28.93,16.24
0.11,-0.98,0.03,-14.34,28.32,16.78
0.11,-0.97,0.04,-13.43,28.44,16.05
0.11,-0.97,0.05,-11.29,28.44,13.98
0.11,-0.97,0.05,-8.54,28.81,11.78
0.08,-0.98,0.03,-5.74,28.87,9.83
0.08,-0.99,0.03,-2.99,29.85,7.75
0.09,-1.0,0.02,-1.16,31.31,6.71
0.1,-1.02,0.01,-0.31,32.1,7.39
0.09,-1.04,-0.01,0.06,31.86,7.69
0.08,-1.04,-0.03,0.0,30.94,7.26
0.09,-1.04,-0.03,-1.22,30.21,7.75
0.1,-1.05,-0.03,-2.38,30.4,9.03
0.09,-1.05,-0.03,-3.11,30.03,9.09
0.1,-1.04,-0.02,-3.3,29.97,8.91
0.13,-1.04,-0.01,-4.15,30.64,9.46
0.15,-1.06,0.01,-4.33,31.43,9.52
0.16,-1.07,0.01,-3.66,31.8,8.3
0.17,-1.08,0.0,-3.36,31.74,6.41
0.18,-1.09,0.01,-3.6,31.92,5.13
0.18,-1.1,0.01,-3.97,31.86,3.85
0.18,-1.11,0.01,-4.82,30.88,2.87
0.17,-1.1,0.01,-6.77,29.42,2.99
0.16,-1.08,0.02,-8.48,28.2,3.05
0.15,-1.06,0.03,-9.22,26.61,2.5
0.13,-1.04,0.03,-9.16,25.39,1.83
0.14,-1.03,0.04,-8.67,24.96,1.16
0.14,-1.01,0.05,-7.51,25.27,-0.12
0.13,-1.02,0.04,-6.41,23.99,-0.98
0.12,-1.03,0.04,-4.94,24.23,-1.1
0.13,-1.02,0.04,-3.3,24.48,-1.83
0.13,-1.03,0.04,-2.32,24.35,-2.2
0.13,-1.04,0.04,-2.14,24.66,-1.89
0.16,-1.04,0.05,-1.89,24.96,-2.08
0.19,-1.05,0.07,-2.62,24.23,-1.46
0.2,-1.04,0.09,-3.97,23.44,-0.49
0.19,-1.03,0.11,-5.68,21.67,0.49
0.19,-1.0,0.12,-6.41,19.71,0.92
0.2,-0.98,0.15,-6.35,17.82,0.98
0.19,-0.97,0.15,-5.0,16.17,0.31
0.17,-0.97,0.13,-2.14,14.77,-0.85
0.15,-0.99,0.11,1.4,14.22,-2.75
0.13,-1.0,0.07,4.82,14.1,-5.07
0.14,-1.03,0.04,6.71,14.04,-6.1
0.12,-1.05,0.01,7.45,13.24,-6.71
0.09,-1.06,-0.02,7.32,12.02,-7.26
0.09,-1.06,-0.03,6.16,12.27,-6.77
0.1,-1.06,-0.03,4.03,13.0,-5.0
0.1,-1.06,-0.03,1.34,11.9,-3.23
0.09,-1.05,-0.03,-1.4,12.08,-1.95
0.1,-1.03,0.0,-3.85,13.73,-0.98
0.1,-1.0,0.02,-5.07,12.45,-1.1
0.1,-0.97,0.04,-5.07,11.96,-0.79
0.1,-0.95,0.06,-4.27,11.05,0.0
0.1,-0.93,0.06,-2.26,14.22,0.43
0.13,-0.95,0.11,0.0,18.92,1.04
0.14,-0.97,0.08,2.99,12.02,-1.34
0.14,-0.99,0.07,5.49,8.54,-3.3
0.15,-1.0,0.08,5.62,8.42,-2.56
0.16,-1.0,0.08,4.88,7.39,-1.4
0.15,-1.0,0.07,4.15,7.2,-0.24
0.16,-0.99,0.09,3.48,9.03,1.4
0.15,-0.98,0.08,3.48,6.71,1.71
0.14,-0.99,0.07,4.58,5.74,1.04
0.14,-1.01,0.06,6.29,4.82,0.31
0.15,-1.02,0.05,7.08,2.56,-0.43
0.1,-1.02,-0.02,7.2,2.26,-1.16
0.12,-1.02,0.03,7.32,12.63,0.43
0.15,-1.04,0.04,5.68,7.32,1.34
0.11,-1.03,-0.02,5.8,-5.25,-2.01
0.08,-1.02,-0.03,5.74,-4.58,-2.69
0.09,-1.02,-0.03,4.15,0.37,-0.98
0.11,-1.03,-0.01,3.72,4.88,-0.92
0.13,-1.02,0.01,3.36,6.53,-1.34
0.13,-1.01,0.01,2.62,5.07,-1.1
0.12,-1.0,0.01,1.1,3.36,0.18
0.12,-1.0,0.03,0.18,2.56,1.53
0.13,-1.0,0.03,0.18,-0.12,1.1
0.13,-0.99,0.03,0.67,-2.87,0.49
0.11,-1.0,0.01,1.46,-4.46,-0.12
0.1,-1.01,0.0,1.95,-2.93,-0.79
0.1,-1.01,-0.0,2.38,-0.79,-1.22
0.09,-1.01,-0.01,2.75,0.79,-1.34
0.08,-1.01,-0.01,2.81,1.65,-1.1
0.08,-1.01,-0.02,2.69,1.71,-1.1
0.09,-1.01,-0.02,2.5,1.65,-0.73
0.09,-1.02,-0.02,2.44,1.65,-0.43
0.1,-1.02,-0.02,2.14,1.4,-0.37
0.11,-1.02,-0.02,1.46,1.59,0.43
0.11,-1.02,-0.01,0.73,1.77,1.04
0.1,-1.01,-0.01,0.31,1.34,1.22
0.11,-1.0,0.01,0.06,0.79,1.4
0.12,-1.0,0.02,0.31,0.37,1.4
0.11,-1.0,0.02,1.04,0.06,1.22
